CIRCUIT_NAME,LAP_LENGTH_KM,TOTAL_UNDERCUT_ATTEMPTS,PCT_UNDERCUT_WORKED
Circuit de Spa-Francorchamps,7.004,761,32.6
Las Vegas Strip Street Circuit,6.201,110,27.3
Baku City Circuit,6.003,379,32.5
Silverstone Circuit,5.891,825,26.2
Sochi Autodrom,5.848,199,18.6
Suzuka Circuit,5.807,921,36.3
Autodromo Nazionale di Monza,5.793,421,33.0
Korean International Circuit,5.615,235,39.6
Sepang International Circuit,5.543,859,30.3
Circuit of the Americas,5.513,514,29.4
Shanghai International Circuit,5.451,1037,36.5
Valencia Street Circuit,5.419,246,28.9
Bahrain International Circuit,5.412,1414,27.9
Losail International Circuit,5.38,336,28.9
Istanbul Park,5.338,310,28.7
Yas Marina Circuit,5.281,637,22.4
Albert Park Grand Prix Circuit,5.278,592,29.4
Autodromo Internazionale del Mugello,5.245,185,35.7
Nürburgring,5.148,261,23.8
Buddh International Circuit,5.125,158,19.0
Marina Bay Street Circuit,4.94,920,31.0
Autodromo Enzo e Dino Ferrari,4.909,186,26.3
Circuit de Barcelona-Catalunya,4.655,1446,29.5
Autódromo Internacional do Algarve,4.653,158,36.1
Hockenheimring,4.574,706,32.2
Hungaroring,4.381,1473,25.1
Circuit Gilles Villeneuve,4.361,678,23.0
Red Bull Ring,4.318,840,24.4
Autódromo José Carlos Pace,4.309,1489,27.3
Autódromo Hermanos Rodríguez,4.304,263,9.9
Circuit Park Zandvoort,4.259,588,20.2
Circuit de Monaco,3.337,493,21.9
