CIRCUIT_NAME,TOTAL_UNDERCUT_ATTEMPTS,UNDERCUT_WORKED,PCT_UNDERCUT_WORKED
Korean International Circuit,235,93,39.6
Shanghai International Circuit,1037,379,36.5
Suzuka Circuit,921,334,36.3
Autódromo Internacional do Algarve,158,57,36.1
Autodromo Internazionale del Mugello,185,66,35.7
Autodromo Nazionale di Monza,421,139,33.0
Circuit de Spa-Francorchamps,761,248,32.6
Baku City Circuit,379,123,32.5
Hockenheimring,706,227,32.2
Marina Bay Street Circuit,920,285,31.0
Sepang International Circuit,859,260,30.3
Circuit de Barcelona-Catalunya,1446,427,29.5
Albert Park Grand Prix Circuit,592,174,29.4
Circuit of the Americas,514,151,29.4
Valencia Street Circuit,246,71,28.9
Losail International Circuit,336,97,28.9
Istanbul Park,310,89,28.7
Bahrain International Circuit,1414,394,27.9
Las Vegas Strip Street Circuit,110,30,27.3
Autódromo José Carlos Pace,1489,407,27.3
Autodromo Enzo e Dino Ferrari,186,49,26.3
Silverstone Circuit,825,216,26.2
Hungaroring,1473,369,25.1
Red Bull Ring,840,205,24.4
Nürburgring,261,62,23.8
Circuit Gilles Villeneuve,678,156,23.0
Yas Marina Circuit,637,143,22.4
Circuit de Monaco,493,108,21.9
Circuit Park Zandvoort,588,119,20.2
Buddh International Circuit,158,30,19.0
Sochi Autodrom,199,37,18.6
Autódromo Hermanos Rodríguez,263,26,9.9
